id_cadeia;nucleo;qtd_municipios;utp_dominante;coesao_utp_perc;utps_envolvidas;diagnostico_geral
NUCLEO_0;Colorado do Oeste, Vilhena;7;759;57.1;463, 759;Cadeia Mista (Dominante: UTP 759)
NUCLEO_1;Guajará-Mirim, Nova Mamoré;2;143;100.0;143;Cadeia Coesa (100% interna)
NUCLEO_10;Epitaciolândia, Xapuri;3;137;66.7;137, 282;Cadeia Mista (Dominante: UTP 137)
NUCLEO_100;Caridade do Piauí, Paulistana;7;255;57.1;255, 633;Cadeia Crítica (Núcleo Cross-UTP: 255, 633)
NUCLEO_101;Castelo do Piauí, São Miguel do Tapuio;5;459;100.0;459;Cadeia Coesa (100% interna)
NUCLEO_102;Cocal, Cocal dos Alves;2;643;100.0;643;Cadeia Coesa (100% interna)
NUCLEO_103;Coronel José Dias, São Raimundo Nonato;7;716;100.0;716;Cadeia Coesa (100% interna)
NUCLEO_104;Corrente, Formosa do Rio Preto;3;483;100.0;483;Cadeia Coesa (100% interna)
NUCLEO_105;Curimatá, Júlio Borges;6;38;66.7;38, 483;Cadeia Mista (Dominante: UTP 38)
NUCLEO_106;Esperantina, Morro do Chapéu do Piauí;8;504;100.0;504;Cadeia Coesa (100% interna)
NUCLEO_107;Francinópolis, Várzea Grande;5;753;80.0;336, 753;Cadeia Mista (Dominante: UTP 753)
NUCLEO_108;Fronteiras, Pio IX;2;255;100.0;255;Cadeia Coesa (100% interna)
NUCLEO_109;Geminiano, Picos;29;255;100.0;255;Cadeia Coesa (100% interna)
NUCLEO_11;Feijó, Tarauacá;2;731;100.0;731;Cadeia Coesa (100% interna)
NUCLEO_110;Gilbués, Monte Alegre do Piauí;4;515;100.0;515;Cadeia Coesa (100% interna)
NUCLEO_111;João Costa, Simplício Mendes;5;617;60.0;255, 617, 716;Cadeia Crítica (Núcleo Cross-UTP: 716, 617)
NUCLEO_112;Joca Marques, Luzilândia;4;504;100.0;504;Cadeia Coesa (100% interna)
NUCLEO_113;Lagoa do Barro do Piauí, Queimada Nova;2;253;100.0;253;Cadeia Coesa (100% interna)
NUCLEO_114;Lagoa de São Francisco, Pedro II;6;643;100.0;643;Cadeia Coesa (100% interna)
NUCLEO_115;Luís Correia, Parnaíba;4;NOVA5;100.0;NOVA5;Cadeia Coesa (100% interna)
NUCLEO_116;Marcos Parente, Porto Alegre do Piauí;3;109;100.0;109;Cadeia Coesa (100% interna)
NUCLEO_117;Nossa Senhora dos Remédios, Porto;8;473;50.0;439, 473, 504, 643;Cadeia Mista (Dominante: UTP 473)
NUCLEO_118;Oeiras, São João da Varjota;10;617;90.0;617, 753;Cadeia Mista (Dominante: UTP 617)
NUCLEO_119;Pimenteiras, Valença do Piauí;5;751;100.0;751;Cadeia Coesa (100% interna)
NUCLEO_12;Rio Branco, Senador Guiomard;7;282;100.0;282;Cadeia Coesa (100% interna)
NUCLEO_120;Piracuruca, São José do Divino;2;643;100.0;643;Cadeia Coesa (100% interna)
NUCLEO_121;São Francisco do Piauí, São José do Peixe;2;617;100.0;617;Cadeia Coesa (100% interna)
NUCLEO_122;São Miguel do Fidalgo, Socorro do Piauí;2;617;100.0;617;Cadeia Coesa (100% interna)
NUCLEO_123;Acaraú, Itarema;4;544;75.0;544, 557;Cadeia Mista (Dominante: UTP 544)
NUCLEO_124;Alcântaras, Moraújo;2;325;100.0;325;Cadeia Coesa (100% interna)
NUCLEO_125;Alto Santo, Morada Nova;6;319;50.0;319, 550;Cadeia Mista (Dominante: UTP 319)
NUCLEO_126;Amontada, Itapipoca;4;544;50.0;544, 685;Cadeia Mista (Dominante: UTP 544)
NUCLEO_127;Apuiarés, Pentecoste;3;685;66.7;111, 685;Cadeia Crítica (Núcleo Cross-UTP: 685, 111)
NUCLEO_128;Aracati, Beberibe;5;388;80.0;319, 388;Cadeia Mista (Dominante: UTP 388)
NUCLEO_129;Aracoiaba, Ocara;4;NOVA25;100.0;NOVA25;Cadeia Coesa (100% interna)
NUCLEO_13;Alvarães, Tefé;2;734;100.0;734;Cadeia Coesa (100% interna)
NUCLEO_130;Araripe, Assaré;3;188;66.7;188, 255;Cadeia Crítica (Núcleo Cross-UTP: 255, 188)
NUCLEO_131;Aratuba, Itapiúna;2;NOVA25;100.0;NOVA25;Cadeia Coesa (100% interna)
NUCLEO_132;Barbalha, Juazeiro do Norte;9;187;100.0;187;Cadeia Coesa (100% interna)
NUCLEO_133;Barreira, Redenção;5;NOVA25;80.0;685, NOVA25;Cadeia Mista (Dominante: UTP NOVA25)
NUCLEO_134;Barro, Mauriti;3;675;66.7;550, 675;Cadeia Mista (Dominante: UTP 675)
NUCLEO_135;Brejo Santo, Porteiras;4;675;100.0;675;Cadeia Coesa (100% interna)
NUCLEO_136;Caridade, Guaramiranga;4;NOVA25;75.0;685, NOVA25;Cadeia Crítica (Núcleo Cross-UTP: 685, NOVA25)
NUCLEO_137;Caucaia, Fortaleza;17;111;82.4;111, 166;Cadeia Mista (Dominante: UTP 111)
NUCLEO_138;Cruz, Jijoca de Jericoacoara;5;557;100.0;557;Cadeia Coesa (100% interna)
NUCLEO_139;Iguatu, Quixelô;13;188;69.2;188, 550;Cadeia Mista (Dominante: UTP 188)
NUCLEO_14;Benjamin Constant, Tabatinga;3;155;100.0;155;Cadeia Coesa (100% interna)
NUCLEO_140;Itapajé, Umirim;7;685;71.4;111, 544, 685;Cadeia Crítica (Núcleo Cross-UTP: 685, 111)
NUCLEO_141;Limoeiro do Norte, Russas;7;674;57.1;319, 388, 674;Cadeia Crítica (Núcleo Cross-UTP: 319, 674)
NUCLEO_142;Meruoca, Sobral;16;325;100.0;325;Cadeia Coesa (100% interna)
NUCLEO_143;Nova Russas, Tamboril;9;728;44.4;487, 693, 728;Cadeia Mista (Dominante: UTP 728)
NUCLEO_144;Novo Oriente, Quiterianópolis;2;487;100.0;487;Cadeia Coesa (100% interna)
NUCLEO_145;Parambu, Tauá;6;733;83.3;410, 733;Cadeia Mista (Dominante: UTP 733)
NUCLEO_146;Quixadá, Quixeramobim;9;719;66.7;188, 410, 719;Cadeia Mista (Dominante: UTP 719)
NUCLEO_147;Angicos, Jardim de Angicos;10;554;50.0;220, 554, NOVA24;Cadeia Mista (Dominante: UTP 554)
NUCLEO_148;Canguaretama, Pedro Velho;10;60;50.0;205, 302, 310, 60;Cadeia Mista (Dominante: UTP 60)
NUCLEO_149;Carnaubais, Pendências;3;220;100.0;220;Cadeia Coesa (100% interna)
NUCLEO_15;Iranduba, Manaus;10;206;100.0;206;Cadeia Coesa (100% interna)
NUCLEO_150;Coronel Ezequiel, Jaçanã;2;99;100.0;99;Cadeia Coesa (100% interna)
NUCLEO_151;Cruzeta, São José do Seridó;5;99;40.0;65, 99, NOVA24;Cadeia Crítica (Núcleo Cross-UTP: 99, NOVA24)
NUCLEO_152;Currais Novos, São Vicente;6;99;100.0;99;Cadeia Coesa (100% interna)
NUCLEO_153;Parnamirim, Natal;11;222;100.0;222;Cadeia Coesa (100% interna)
NUCLEO_154;Encanto, Pau dos Ferros;22;631;90.9;220, 319, 631;Cadeia Mista (Dominante: UTP 631)
NUCLEO_155;Grossos, Mossoró;22;220;100.0;220;Cadeia Coesa (100% interna)
NUCLEO_156;Guamaré, Macau;3;61;100.0;61;Cadeia Coesa (100% interna)
NUCLEO_157;Ipueira, São João do Sabugi;2;NOVA24;100.0;NOVA24;Cadeia Coesa (100% interna)
NUCLEO_158;Jardim do Seridó, Parelhas;10;NOVA24;70.0;65, NOVA24;Cadeia Crítica (Núcleo Cross-UTP: NOVA24, 65)
NUCLEO_159;João Câmara, Poço Branco;14;61;71.4;222, 554, 61;Cadeia Mista (Dominante: UTP 61)
NUCLEO_16;Itapiranga, Silves;3;540;100.0;540;Cadeia Coesa (100% interna)
NUCLEO_160;Lagoa de Velhos, Sítio Novo;3;99;100.0;99;Cadeia Coesa (100% interna)
NUCLEO_161;Monte Alegre, Vera Cruz;2;222;100.0;222;Cadeia Coesa (100% interna)
NUCLEO_162;Nísia Floresta, São José de Mipibu;2;222;100.0;222;Cadeia Coesa (100% interna)
NUCLEO_163;Ruy Barbosa, Santo Antônio;14;60;64.3;302, 60, 99;Cadeia Crítica (Núcleo Cross-UTP: 99, 60)
NUCLEO_164;Santa Cruz, Tangará;11;99;81.8;60, 99;Cadeia Mista (Dominante: UTP 99)
NUCLEO_165;São Miguel, Venha-Ver;8;631;75.0;550, 631;Cadeia Mista (Dominante: UTP 631)
NUCLEO_166;Alagoa Nova, Areia;8;6;100.0;6;Cadeia Coesa (100% interna)
NUCLEO_167;Alcantil, Santa Cecília;2;65;100.0;65;Cadeia Coesa (100% interna)
NUCLEO_168;Araçagi, Guarabira;15;119;100.0;119;Cadeia Coesa (100% interna)
NUCLEO_169;Baraúna, Picuí;8;NOVA10;100.0;NOVA10;Cadeia Coesa (100% interna)
NUCLEO_17;Boa Vista, Cantá;5;47;100.0;47;Cadeia Coesa (100% interna)
NUCLEO_170;Cabedelo, João Pessoa;12;185;100.0;185;Cadeia Coesa (100% interna)
NUCLEO_171;Cacimba de Dentro, Dona Inês;6;326;66.7;326, NOVA23;Cadeia Mista (Dominante: UTP 326)
NUCLEO_172;Cajazeiras, São José de Piranhas;15;263;100.0;263;Cadeia Coesa (100% interna)
NUCLEO_173;Campina Grande, Massaranduba;15;65;100.0;65;Cadeia Coesa (100% interna)
NUCLEO_174;Catolé do Rocha, São Bento;14;NOVA24;85.7;220, 631, NOVA24;Cadeia Mista (Dominante: UTP NOVA24)
NUCLEO_175;Conceição, Santa Inês;4;477;75.0;244, 477;Cadeia Mista (Dominante: UTP 477)
NUCLEO_176;Cubati, Pedra Lavrada;6;65;100.0;65;Cadeia Coesa (100% interna)
NUCLEO_177;Itabaiana, Mogeiro;9;NOVA4;100.0;NOVA4;Cadeia Coesa (100% interna)
NUCLEO_178;Jacaraú, Pedro Régis;2;205;100.0;205;Cadeia Coesa (100% interna)
NUCLEO_179;Juazeirinho, São José dos Cordeiros;4;65;75.0;560, 65;Cadeia Crítica (Núcleo Cross-UTP: 65, 560)
NUCLEO_18;Caracaraí, Iracema;2;451;100.0;451;Cadeia Coesa (100% interna)
NUCLEO_180;Livramento, Taperoá;2;560;100.0;560;Cadeia Coesa (100% interna)
NUCLEO_181;Mamanguape, Mataraca;7;205;100.0;205;Cadeia Coesa (100% interna)
NUCLEO_182;Marizópolis, Sousa;9;704;100.0;704;Cadeia Coesa (100% interna)
NUCLEO_183;Monteiro, São João do Cariri;10;595;100.0;595;Cadeia Coesa (100% interna)
NUCLEO_184;Olho d'Água, Pedra Branca;2;321;100.0;321;Cadeia Coesa (100% interna)
NUCLEO_185;Patos, São José do Bonfim;23;244;95.7;244, 543;Cadeia Mista (Dominante: UTP 244)
NUCLEO_186;Piancó, Santana dos Garrotes;13;543;92.3;477, 543;Cadeia Mista (Dominante: UTP 543)
NUCLEO_187;Pilar, São Miguel de Taipu;3;NOVA4;100.0;NOVA4;Cadeia Coesa (100% interna)
NUCLEO_188;Pombal, São Domingos;8;NOVA24;50.0;220, 631, NOVA24;Cadeia Mista (Dominante: UTP NOVA24)
NUCLEO_189;Princesa Isabel, São José de Princesa;3;321;100.0;321;Cadeia Coesa (100% interna)
NUCLEO_19;Almeirim, Prainha;2;375;50.0;298, 375;Cadeia Crítica (Núcleo Cross-UTP: 375, 298)
NUCLEO_190;Sapé, Sobrado;7;185;42.9;119, 185, 205, 65;Cadeia Mista (Dominante: UTP 185)
NUCLEO_191;Afogados da Ingazeira, Iguaracy;12;321;50.0;321, 595;Cadeia Crítica (Núcleo Cross-UTP: 321, 595)
NUCLEO_192;Afrânio, Dormentes;3;368;100.0;368;Cadeia Coesa (100% interna)
NUCLEO_193;Altinho, Cachoeirinha;4;78;75.0;113, 78;Cadeia Crítica (Núcleo Cross-UTP: 78, 113)
NUCLEO_194;Araripina, Trindade;10;27;90.0;27, 675;Cadeia Mista (Dominante: UTP 27)
NUCLEO_195;Arcoverde, Sertânia;3;59;100.0;59;Cadeia Coesa (100% interna)
NUCLEO_196;Barreiros, Tamandaré;5;209;100.0;209;Cadeia Coesa (100% interna)
NUCLEO_197;Belo Jardim, Sanharó;3;78;100.0;78;Cadeia Coesa (100% interna)
NUCLEO_198;Bom Conselho, Terezinha;7;113;71.4;113, 531, NOVA20;Cadeia Mista (Dominante: UTP 113)
NUCLEO_199;Brejo da Madre de Deus, Santa Cruz do Capibaribe;7;78;71.4;595, 65, 78;Cadeia Mista (Dominante: UTP 78)
NUCLEO_2;Jaru, Governador Jorge Teixeira;8;395;87.5;182, 395;Cadeia Crítica (Núcleo Cross-UTP: 182, 395)
NUCLEO_20;Altamira, Brasil Novo;5;375;80.0;375, 747;Cadeia Mista (Dominante: UTP 375)
NUCLEO_200;Canhotinho, Quipapá;3;113;33.3;113, 78, NOVA2;Cadeia Crítica (Núcleo Cross-UTP: 113, NOVA2)
NUCLEO_201;Caruaru, Riacho das Almas;13;78;92.3;59, 78;Cadeia Mista (Dominante: UTP 78)
NUCLEO_202;Catende, Palmares;6;78;66.7;209, 78;Cadeia Mista (Dominante: UTP 78)
NUCLEO_203;Cupira, Lagoa dos Gatos;2;78;100.0;78;Cadeia Coesa (100% interna)
NUCLEO_204;Custódia, Flores;2;321;100.0;321;Cadeia Coesa (100% interna)
NUCLEO_205;Escada, Primavera;3;78;100.0;78;Cadeia Coesa (100% interna)
NUCLEO_206;Garanhuns, São João;14;113;100.0;113;Cadeia Coesa (100% interna)
NUCLEO_207;Goiana, Itaquitinga;8;162;87.5;162, 185;Cadeia Crítica (Núcleo Cross-UTP: 185, 162)
NUCLEO_208;Itaíba, Manari;4;531;100.0;531;Cadeia Coesa (100% interna)
NUCLEO_209;Jaboatão dos Guararapes, Recife;13;278;100.0;278;Cadeia Coesa (100% interna)
NUCLEO_21;Ananindeua, Belém;6;41;100.0;41;Cadeia Coesa (100% interna)
NUCLEO_210;Macaparana, São Vicente Férrer;5;162;100.0;162;Cadeia Coesa (100% interna)
NUCLEO_211;Maraial, Colônia Leopoldina;2;78;50.0;209, 78;Cadeia Crítica (Núcleo Cross-UTP: 78, 209)
NUCLEO_212;Pedra, Venturosa;2;59;100.0;59;Cadeia Coesa (100% interna)
NUCLEO_213;Pesqueira, Poção;2;635;100.0;635;Cadeia Coesa (100% interna)
NUCLEO_214;Petrolina, Juazeiro;8;253;100.0;253;Cadeia Coesa (100% interna)
NUCLEO_215;Pombos, Vitória de Santo Antão;13;78;92.3;162, 78;Cadeia Mista (Dominante: UTP 78)
NUCLEO_216;Salgueiro, Serrita;10;675;100.0;675;Cadeia Coesa (100% interna)
NUCLEO_217;São José da Coroa Grande, Maragogi;6;209;100.0;209;Cadeia Coesa (100% interna)
NUCLEO_218;Serra Talhada, Triunfo;12;321;100.0;321;Cadeia Coesa (100% interna)
NUCLEO_219;Surubim, Vertente do Lério;7;78;85.7;65, 78;Cadeia Mista (Dominante: UTP 78)
NUCLEO_22;Aurora do Pará, Mãe do Rio;5;737;60.0;626, 737, 80;Cadeia Crítica (Núcleo Cross-UTP: 626, 80)
NUCLEO_220;Arapiraca, Taquarana;17;22;100.0;22;Cadeia Coesa (100% interna)
NUCLEO_221;Carneiros, São José da Tapera;2;690;100.0;690;Cadeia Coesa (100% interna)
NUCLEO_222;Chã Preta, Viçosa;6;NOVA20;100.0;NOVA20;Cadeia Coesa (100% interna)
NUCLEO_223;Delmiro Gouveia, Pariconha;3;NOVA18;100.0;NOVA18;Cadeia Coesa (100% interna)
NUCLEO_224;Estrela de Alagoas, Palmeira dos Índios;3;NOVA19;100.0;NOVA19;Cadeia Coesa (100% interna)
NUCLEO_225;Inhapi, Mata Grande;3;NOVA18;100.0;NOVA18;Cadeia Coesa (100% interna)
NUCLEO_226;Maceió, Rio Largo;13;203;100.0;203;Cadeia Coesa (100% interna)
NUCLEO_227;Maravilha, Ouro Branco;2;690;50.0;531, 690;Cadeia Crítica (Núcleo Cross-UTP: 690, 531)
NUCLEO_228;Olho d'Água do Casado, Piranhas;2;NOVA18;100.0;NOVA18;Cadeia Coesa (100% interna)
NUCLEO_229;Palestina, Pão de Açúcar;4;NOVA22;75.0;690, NOVA22;Cadeia Mista (Dominante: UTP NOVA22)
NUCLEO_23;Belterra, Santarém;3;298;100.0;298;Cadeia Coesa (100% interna)
NUCLEO_230;Passo de Camaragibe, São Luís do Quitunde;6;209;83.3;209, NOVA2;Cadeia Mista (Dominante: UTP 209)
NUCLEO_231;Penedo, Neópolis;5;NOVA17;100.0;NOVA17;Cadeia Coesa (100% interna)
NUCLEO_232;Poço das Trincheiras, Santana do Ipanema;11;690;90.9;690, NOVA20;Cadeia Mista (Dominante: UTP 690)
NUCLEO_233;Porto Real do Colégio, Propriá;6;NOVA17;50.0;276, NOVA17, NOVA20;Cadeia Mista (Dominante: UTP NOVA17)
NUCLEO_234;Roteiro, São Miguel dos Campos;4;252;100.0;252;Cadeia Coesa (100% interna)
NUCLEO_235;Santana do Mundaú, União dos Palmares;5;NOVA2;80.0;209, NOVA2;Cadeia Mista (Dominante: UTP NOVA2)
NUCLEO_236;Aquidabã, Nossa Senhora de Lourdes;5;276;100.0;276;Cadeia Coesa (100% interna)
NUCLEO_237;Aracaju, Nossa Senhora do Socorro;4;19;100.0;19;Cadeia Coesa (100% interna)
NUCLEO_238;Brejo Grande, Pacatuba;5;NOVA17;100.0;NOVA17;Cadeia Coesa (100% interna)
NUCLEO_239;Canindé de São Francisco, Poço Redondo;4;246;50.0;246, 276;Cadeia Crítica (Núcleo Cross-UTP: 246, 276)
NUCLEO_24;Bragança, Viseu;4;52;75.0;52, 761;Cadeia Crítica (Núcleo Cross-UTP: 52, 761)
NUCLEO_240;Itabaiana, Macambira;10;276;70.0;276, 367;Cadeia Crítica (Núcleo Cross-UTP: 276, 367)
NUCLEO_241;Itabaianinha, Umbaúba;10;367;60.0;367, 469;Cadeia Crítica (Núcleo Cross-UTP: 469, 367)
NUCLEO_242;Lagarto, Salgado;5;367;100.0;367;Cadeia Coesa (100% interna)
NUCLEO_243;Laranjeiras, Maruim;4;276;100.0;276;Cadeia Coesa (100% interna)
NUCLEO_244;Malhada dos Bois, São Francisco;2;NOVA17;100.0;NOVA17;Cadeia Coesa (100% interna)
NUCLEO_245;Rosário do Catete, Siriri;4;276;75.0;276, NOVA17;Cadeia Crítica (Núcleo Cross-UTP: NOVA17, 276)
NUCLEO_246;Simão Dias, Paripiranga;5;367;100.0;367;Cadeia Coesa (100% interna)
NUCLEO_247;Tobias Barreto, Itapicuru;3;469;66.7;469, 739;Cadeia Mista (Dominante: UTP 469)
NUCLEO_248;Acajutiba, Aporá;4;7;100.0;7;Cadeia Coesa (100% interna)
NUCLEO_249;Alagoinhas, Catu;10;7;100.0;7;Cadeia Coesa (100% interna)
NUCLEO_25;Cachoeira do Arari, Muaná;2;NOVA6;100.0;NOVA6;Cadeia Coesa (100% interna)
NUCLEO_250;Alcobaça, Teixeira de Freitas;12;334;91.7;334, 370;Cadeia Mista (Dominante: UTP 334)
NUCLEO_251;Antas, Sítio do Quinto;4;739;75.0;246, 739;Cadeia Mista (Dominante: UTP 739)
NUCLEO_252;Baixa Grande, Macajuba;2;603;100.0;603;Cadeia Coesa (100% interna)
NUCLEO_253;Barra, Xique-Xique;2;764;100.0;764;Cadeia Coesa (100% interna)
NUCLEO_254;Barra do Choça, Vitória da Conquista;24;362;79.2;362, 373, 542, 545, 581;Cadeia Mista (Dominante: UTP 362)
NUCLEO_255;Barreiras, Luís Eduardo Magalhães;16;38;62.5;38, 727;Cadeia Mista (Dominante: UTP 38)
NUCLEO_256;Bom Jesus da Lapa, Serra do Ramalho;2;296;100.0;296;Cadeia Coesa (100% interna)
NUCLEO_257;Boquira, Macaúbas;4;415;100.0;415;Cadeia Coesa (100% interna)
NUCLEO_258;Brejões, Nova Itarana;3;54;100.0;54;Cadeia Coesa (100% interna)
NUCLEO_259;Brotas de Macaúbas, Ipupiara;2;415;100.0;415;Cadeia Coesa (100% interna)
NUCLEO_26;Cametá, Limoeiro do Ajuru;2;64;100.0;64;Cadeia Coesa (100% interna)
NUCLEO_260;Buritirama, Mansidão;2;424;100.0;424;Cadeia Coesa (100% interna)
NUCLEO_261;Cairu, Valença;7;350;85.7;350, 93;Cadeia Mista (Dominante: UTP 350)
NUCLEO_262;Caldeirão Grande, Saúde;3;548;66.7;548, 708;Cadeia Crítica (Núcleo Cross-UTP: 708, 548)
NUCLEO_263;Canápolis, Santana;2;296;100.0;296;Cadeia Coesa (100% interna)
NUCLEO_264;Capim Grosso, São José do Jacuípe;5;708;80.0;603, 708;Cadeia Mista (Dominante: UTP 708)
NUCLEO_265;Central, Uibaí;3;538;66.7;538, 764;Cadeia Mista (Dominante: UTP 538)
NUCLEO_266;Conceição do Coité, Serrinha;9;752;77.8;506, 739, 752;Cadeia Mista (Dominante: UTP 752)
NUCLEO_267;Correntina, Santa Maria da Vitória;5;296;80.0;296, 471;Cadeia Mista (Dominante: UTP 296)
NUCLEO_268;Cruz das Almas, Governador Mangabeira;7;93;100.0;93;Cadeia Coesa (100% interna)
NUCLEO_269;Entre Rios, Esplanada;3;7;100.0;7;Cadeia Coesa (100% interna)
NUCLEO_27;Capanema, Primavera;6;52;66.7;52, 761, 80;Cadeia Mista (Dominante: UTP 52)
NUCLEO_270;Euclides da Cunha, Monte Santo;4;506;100.0;506;Cadeia Coesa (100% interna)
NUCLEO_271;Eunápolis, Itabela;7;106;85.7;106, 542;Cadeia Mista (Dominante: UTP 106)
NUCLEO_272;Fátima, Heliópolis;3;739;100.0;739;Cadeia Coesa (100% interna)
NUCLEO_273;Feira de Santana, Santa Bárbara;16;107;100.0;107;Cadeia Coesa (100% interna)
NUCLEO_274;Glória, Paulo Afonso;5;246;100.0;246;Cadeia Coesa (100% interna)
NUCLEO_275;Guanambi, Palmas de Monte Alto;19;520;68.4;455, 520, 627, 667;Cadeia Mista (Dominante: UTP 520)
NUCLEO_276;Iaçu, Itaberaba;5;539;100.0;539;Cadeia Coesa (100% interna)
NUCLEO_277;Ibicoara, Ituaçu;2;545;50.0;545, 667;Cadeia Crítica (Núcleo Cross-UTP: 545, 667)
NUCLEO_278;Ibotirama, Muquém do São Francisco;3;533;100.0;533;Cadeia Coesa (100% interna)
NUCLEO_279;Igaporã, Riacho de Santana;2;520;50.0;296, 520;Cadeia Crítica (Núcleo Cross-UTP: 520, 296)
NUCLEO_28;Castanhal, Santa Izabel do Pará;2;41;100.0;41;Cadeia Coesa (100% interna)
NUCLEO_280;Igrapiúna, Ituberá;3;350;100.0;350;Cadeia Coesa (100% interna)
NUCLEO_281;Ilhéus, Itabuna;25;126;100.0;126;Cadeia Coesa (100% interna)
NUCLEO_282;Irecê, Lapão;16;538;81.2;538, 599, 726;Cadeia Mista (Dominante: UTP 538)
NUCLEO_283;Itaeté, Mucugê;2;602;100.0;602;Cadeia Coesa (100% interna)
NUCLEO_284;Itaparica, Vera Cruz;2;360;100.0;360;Cadeia Coesa (100% interna)
NUCLEO_285;Itapetinga, Itororó;4;542;100.0;542;Cadeia Coesa (100% interna)
NUCLEO_286;Jaguarari, Senhor do Bonfim;7;549;100.0;549;Cadeia Coesa (100% interna)
NUCLEO_287;Jaguaripe, Nazaré;2;93;100.0;93;Cadeia Coesa (100% interna)
NUCLEO_288;Lauro de Freitas, Salvador;11;291;100.0;291;Cadeia Coesa (100% interna)
NUCLEO_289;Livramento de Nossa Senhora, Paramirim;13;627;69.2;362, 520, 627, 667;Cadeia Mista (Dominante: UTP 627)
NUCLEO_29;Colares, Vigia;6;80;100.0;80;Cadeia Coesa (100% interna)
NUCLEO_290;Mairi, Várzea da Roça;2;708;100.0;708;Cadeia Coesa (100% interna)
NUCLEO_291;Maracás, Planaltino;15;181;53.3;181, 581, 93;Cadeia Mista (Dominante: UTP 181)
NUCLEO_292;Mucuri, Nova Viçosa;2;453;100.0;453;Cadeia Coesa (100% interna)
NUCLEO_293;Mundo Novo, Piritiba;2;603;50.0;548, 603;Cadeia Crítica (Núcleo Cross-UTP: 603, 548)
NUCLEO_294;Paratinga, Sítio do Mato;2;296;100.0;296;Cadeia Coesa (100% interna)
NUCLEO_295;Pilão Arcado, Remanso;2;664;100.0;664;Cadeia Coesa (100% interna)
NUCLEO_296;Porto Seguro, Santa Cruz Cabrália;3;268;66.7;126, 268;Cadeia Mista (Dominante: UTP 268)
NUCLEO_297;Queimadas, Santaluz;5;594;80.0;594, 752;Cadeia Crítica (Núcleo Cross-UTP: 594, 752)
NUCLEO_298;Rafael Jambeiro, Santo Estêvão;2;539;100.0;539;Cadeia Coesa (100% interna)
NUCLEO_299;Santo Amaro, Teodoro Sampaio;6;57;33.3;57, 7, 752;Cadeia Crítica (Núcleo Cross-UTP: 57, 7)
NUCLEO_3;Ji-Paraná, Presidente Médici;7;182;85.7;182, 670;Cadeia Mista (Dominante: UTP 182)
NUCLEO_30;Curionópolis, Parauapebas;4;237;100.0;237;Cadeia Coesa (100% interna)
NUCLEO_300;Santo Antônio de Jesus, Varzedo;15;93;100.0;93;Cadeia Coesa (100% interna)
NUCLEO_301;Serra Dourada, Tabocas do Brejo Velho;3;296;66.7;296, 533;Cadeia Mista (Dominante: UTP 296)
NUCLEO_302;Serrolândia, Várzea do Poço;2;548;100.0;548;Cadeia Coesa (100% interna)
NUCLEO_303;Tapiramutá, Utinga;3;749;100.0;749;Cadeia Coesa (100% interna)
NUCLEO_304;Abre Campo, Matipó;4;214;100.0;214;Cadeia Coesa (100% interna)
NUCLEO_305;Águas Vermelhas, Divisa Alegre;2;634;100.0;634;Cadeia Coesa (100% interna)
NUCLEO_306;Aimorés, Baixo Guandu;3;92;100.0;92;Cadeia Coesa (100% interna)
NUCLEO_307;Além Paraíba, Sapucaia;4;8;75.0;345, 8;Cadeia Crítica (Núcleo Cross-UTP: 8, 345)
NUCLEO_308;Alpercata, Governador Valadares;25;118;96.0;118, 335;Cadeia Mista (Dominante: UTP 118)
NUCLEO_309;Alvorada de Minas, Serro;6;721;83.3;479, 721;Cadeia Mista (Dominante: UTP 721)
NUCLEO_31;Dom Eliseu, Ulianópolis;4;208;50.0;208, 626;Cadeia Mista (Dominante: UTP 208)
NUCLEO_310;Cachoeira de Pajeú, Pedra Azul;2;634;100.0;634;Cadeia Coesa (100% interna)
NUCLEO_311;Andrelândia, São Vicente de Minas;2;83;50.0;309, 83;Cadeia Crítica (Núcleo Cross-UTP: 83, 309)
NUCLEO_312;Araguari, Uberlândia;21;351;42.9;21, 261, 29, 351, 352;Cadeia Crítica (Núcleo Cross-UTP: 21, 352)
NUCLEO_313;Araújos, Perdigão;6;227;50.0;102, 227;Cadeia Crítica (Núcleo Cross-UTP: 227, 102)
NUCLEO_314;Arceburgo, Monte Santo de Minas;3;241;100.0;241;Cadeia Coesa (100% interna)
NUCLEO_315;Astolfo Dutra, Dona Euzébia;2;189;50.0;189, 8;Cadeia Crítica (Núcleo Cross-UTP: 189, 8)
NUCLEO_316;Bambuí, Medeiros;4;227;75.0;227, 645;Cadeia Crítica (Núcleo Cross-UTP: 645, 227)
NUCLEO_317;Barão de Cocais, Santa Bárbara;3;42;100.0;42;Cadeia Coesa (100% interna)
NUCLEO_318;Belo Horizonte, Contagem;29;42;93.1;169, 323, 42;Cadeia Mista (Dominante: UTP 42)
NUCLEO_319;Belo Vale, Moeda;2;42;100.0;42;Cadeia Coesa (100% interna)
NUCLEO_32;Garrafão do Norte, Nova Esperança do Piriá;2;52;100.0;52;Cadeia Coesa (100% interna)
NUCLEO_320;Bocaiúva, Engenheiro Navarro;16;218;100.0;218;Cadeia Coesa (100% interna)
NUCLEO_321;Bom Jesus do Galho, Pingo-d'Água;3;157;100.0;157;Cadeia Coesa (100% interna)
NUCLEO_322;Buenópolis, Joaquim Felício;3;101;100.0;101;Cadeia Coesa (100% interna)
NUCLEO_323;Buritizeiro, Pirapora;5;257;100.0;257;Cadeia Coesa (100% interna)
NUCLEO_324;Cabeceira Grande, Unaí;2;744;100.0;744;Cadeia Coesa (100% interna)
NUCLEO_325;Caetanópolis, Paraopeba;10;101;70.0;101, 236, 738;Cadeia Mista (Dominante: UTP 101)
NUCLEO_326;Caldas, Poços de Caldas;8;262;100.0;262;Cadeia Coesa (100% interna)
NUCLEO_327;Cantagalo, Peçanha;2;521;50.0;521, 684;Cadeia Crítica (Núcleo Cross-UTP: 521, 684)
NUCLEO_328;Caratinga, Vargem Alegre;3;157;100.0;157;Cadeia Coesa (100% interna)
NUCLEO_329;Carmo de Minas, São Lourenço;8;313;62.5;313, 83;Cadeia Mista (Dominante: UTP 313)
NUCLEO_33;Irituia, São Miguel do Guamá;10;80;90.0;52, 80;Cadeia Mista (Dominante: UTP 80)
NUCLEO_330;Carmo do Cajuru, Divinópolis;8;102;100.0;102;Cadeia Coesa (100% interna)
NUCLEO_331;Cataguases, Santana de Cataguases;3;8;66.7;221, 8;Cadeia Crítica (Núcleo Cross-UTP: 8, 221)
NUCLEO_332;Centralina, Itumbiara;8;171;87.5;171, 422;Cadeia Mista (Dominante: UTP 171)
NUCLEO_333;Conceição do Mato Dentro, Dom Joaquim;2;479;100.0;479;Cadeia Coesa (100% interna)
NUCLEO_334;Congonhas, Conselheiro Lafaiete;13;94;69.2;309, 35, 94;Cadeia Mista (Dominante: UTP 94)
NUCLEO_335;Coroaci, Virgolândia;2;118;100.0;118;Cadeia Coesa (100% interna)
NUCLEO_336;Coronel Fabriciano, Ipatinga;16;157;100.0;157;Cadeia Coesa (100% interna)
NUCLEO_337;Cristália, Grão Mogol;2;676;100.0;676;Cadeia Coesa (100% interna)
NUCLEO_338;Crucilândia, Piedade dos Gerais;2;102;50.0;102, 94;Cadeia Crítica (Núcleo Cross-UTP: 102, 94)
NUCLEO_339;Datas, Gouveia;5;104;80.0;104, 721;Cadeia Crítica (Núcleo Cross-UTP: 721, 104)
NUCLEO_34;Itupiranga, Marabá;11;208;90.9;208, 781;Cadeia Mista (Dominante: UTP 208)
NUCLEO_340;Descoberto, São João Nepomuceno;4;44;100.0;44;Cadeia Coesa (100% interna)
NUCLEO_341;Dionísio, São José do Goiabal;2;157;100.0;157;Cadeia Coesa (100% interna)
NUCLEO_342;Durandé, Martins Soares;2;214;100.0;214;Cadeia Coesa (100% interna)
NUCLEO_343;Elói Mendes, Varginha;13;358;69.2;102, 195, 358, 83;Cadeia Mista (Dominante: UTP 358)
NUCLEO_344;Espera Feliz, Dores do Rio Preto;6;221;33.3;214, 221, 49, 58;Cadeia Crítica (Núcleo Cross-UTP: 221, 58)
NUCLEO_345;Eugenópolis, Muriaé;13;221;76.9;221, 8;Cadeia Mista (Dominante: UTP 221)
NUCLEO_346;Extrema, Itapeva;3;63;66.7;51, 63;Cadeia Crítica (Núcleo Cross-UTP: 51, 63)
NUCLEO_347;Fruta de Leite, Novorizonte;2;676;50.0;669, 676;Cadeia Crítica (Núcleo Cross-UTP: 676, 669)
NUCLEO_348;Frutal, Itapagipe;4;261;100.0;261;Cadeia Coesa (100% interna)
NUCLEO_349;Guanhães, Sabinópolis;6;521;100.0;521;Cadeia Coesa (100% interna)
NUCLEO_35;Moju, Tailândia;4;1;100.0;1;Cadeia Coesa (100% interna)
NUCLEO_350;Guarda-Mor, Paracatu;6;625;100.0;625;Cadeia Coesa (100% interna)
NUCLEO_351;Guaxupé, Muzambinho;7;262;57.1;241, 262, 438;Cadeia Crítica (Núcleo Cross-UTP: 241, 262)
NUCLEO_352;Ijaci, Lavras;12;195;100.0;195;Cadeia Coesa (100% interna)
NUCLEO_353;Inconfidentes, Ouro Fino;3;270;66.7;270, 5;Cadeia Crítica (Núcleo Cross-UTP: 270, 5)
NUCLEO_354;Indaiabira, São João do Paraíso;3;669;100.0;669;Cadeia Coesa (100% interna)
NUCLEO_355;Inhapim, Ubaporanga;5;157;60.0;118, 157, 214;Cadeia Crítica (Núcleo Cross-UTP: 214, 157)
NUCLEO_356;Itabira, Santa Maria de Itabira;7;158;71.4;158, 521;Cadeia Mista (Dominante: UTP 158)
NUCLEO_357;Itabirinha, Mendes Pimentel;3;118;100.0;118;Cadeia Coesa (100% interna)
NUCLEO_358;Itacarambi, Jaíba;4;552;50.0;176, 552;Cadeia Crítica (Núcleo Cross-UTP: 552, 176)
NUCLEO_359;Itajubá, Maria da Fé;8;161;100.0;161;Cadeia Coesa (100% interna)
NUCLEO_36;Nova Timboteua, Santa Maria do Pará;6;52;66.7;52, 80;Cadeia Mista (Dominante: UTP 52)
NUCLEO_360;Itanhandu, Pouso Alto;8;271;62.5;271, 313;Cadeia Mista (Dominante: UTP 271)
NUCLEO_361;Iturama, Ouroeste;8;108;75.0;108, 175;Cadeia Mista (Dominante: UTP 108)
NUCLEO_362;Janaúba, Porteirinha;6;176;100.0;176;Cadeia Coesa (100% interna)
NUCLEO_363;Januária, Pedras de Maria da Cruz;3;552;100.0;552;Cadeia Coesa (100% interna)
NUCLEO_364;Jequitibá, Santana de Pirapama;2;236;100.0;236;Cadeia Coesa (100% interna)
NUCLEO_365;Jesuânia, Lambari;4;358;50.0;270, 358, 83;Cadeia Mista (Dominante: UTP 358)
NUCLEO_366;João Monlevade, Rio Piracicaba;6;184;83.3;184, 265;Cadeia Mista (Dominante: UTP 184)
NUCLEO_367;Juiz de Fora, Matias Barbosa;31;189;71.0;189, 35;Cadeia Mista (Dominante: UTP 189)
NUCLEO_368;Lagoa da Prata, Santo Antônio do Monte;6;227;50.0;102, 227, 401;Cadeia Crítica (Núcleo Cross-UTP: 401, 102)
NUCLEO_369;Lagoa Formosa, Patos de Minas;12;243;75.0;243, 29, 352;Cadeia Mista (Dominante: UTP 243)
NUCLEO_37;Óbidos, Oriximiná;3;618;100.0;618;Cadeia Coesa (100% interna)
NUCLEO_370;Lajinha, Ibatiba;5;214;80.0;214, 58;Cadeia Mista (Dominante: UTP 214)
NUCLEO_371;Lamim, Rio Espera;3;94;100.0;94;Cadeia Coesa (100% interna)
NUCLEO_372;Machado, Paraguaçu;7;270;57.1;262, 270, 358;Cadeia Crítica (Núcleo Cross-UTP: 262, 358)
NUCLEO_373;Manga, Matias Cardoso;2;552;50.0;520, 552;Cadeia Crítica (Núcleo Cross-UTP: 552, 520)
NUCLEO_374;Manhuaçu, Reduto;11;214;100.0;214;Cadeia Coesa (100% interna)
NUCLEO_375;Mariana, Ouro Preto;4;94;100.0;94;Cadeia Coesa (100% interna)
NUCLEO_376;Martinho Campos, Pompéu;6;102;33.3;101, 102, 227, 260, 323;Cadeia Crítica (Núcleo Cross-UTP: 260, 101)
NUCLEO_377;Mato Verde, Monte Azul;7;176;71.4;176, 520;Cadeia Mista (Dominante: UTP 176)
NUCLEO_378;Morro do Pilar, Santo Antônio do Rio Abaixo;3;158;100.0;158;Cadeia Coesa (100% interna)
NUCLEO_379;Nanuque, Serra dos Aimorés;2;769;100.0;769;Cadeia Coesa (100% interna)
NUCLEO_38;Ourilândia do Norte, Tucumã;4;619;100.0;619;Cadeia Coesa (100% interna)
NUCLEO_380;Nova Módica, Pescador;2;335;100.0;335;Cadeia Coesa (100% interna)
NUCLEO_381;Novo Cruzeiro, Setubinha;2;450;100.0;450;Cadeia Coesa (100% interna)
NUCLEO_382;Pará de Minas, São José da Varginha;3;169;66.7;169, 42;Cadeia Mista (Dominante: UTP 169)
NUCLEO_383;Passos, São João Batista do Glória;5;241;100.0;241;Cadeia Coesa (100% interna)
NUCLEO_384;Patis, São João da Ponte;4;218;100.0;218;Cadeia Coesa (100% interna)
NUCLEO_385;Pintópolis, São Francisco;5;197;80.0;197, 417;Cadeia Mista (Dominante: UTP 197)
NUCLEO_386;Planura, Colômbia;2;261;50.0;261, 39;Cadeia Crítica (Núcleo Cross-UTP: 261, 39)
NUCLEO_387;Poté, Teófilo Otoni;16;335;93.8;335, 634;Cadeia Mista (Dominante: UTP 335)
NUCLEO_388;Pouso Alegre, Santa Rita do Sapucaí;22;270;81.8;161, 270, 63;Cadeia Mista (Dominante: UTP 270)
NUCLEO_389;Prudente de Morais, Sete Lagoas;7;323;71.4;213, 323;Cadeia Mista (Dominante: UTP 323)
NUCLEO_39;Rio Maria, Xinguara;7;662;57.1;662, 763;Cadeia Mista (Dominante: UTP 662)
NUCLEO_390;Raul Soares, São Pedro dos Ferros;3;265;100.0;265;Cadeia Coesa (100% interna)
NUCLEO_391;Riachinho, Urucuia;3;197;66.7;197, 625;Cadeia Mista (Dominante: UTP 197)
NUCLEO_392;Rio Paranaíba, São Gotardo;7;702;100.0;702;Cadeia Coesa (100% interna)
NUCLEO_393;Rio Pomba, Tabuleiro;5;189;60.0;189, 349, 35;Cadeia Mista (Dominante: UTP 189)
NUCLEO_394;Salinas, Taiobeiras;8;676;87.5;669, 676;Cadeia Mista (Dominante: UTP 676)
NUCLEO_395;Santa Bárbara do Leste, Santa Rita de Minas;2;214;100.0;214;Cadeia Coesa (100% interna)
NUCLEO_396;Santa Cruz de Minas, São João del Rei;18;309;88.9;102, 195, 309;Cadeia Mista (Dominante: UTP 309)
NUCLEO_397;Santa Maria do Suaçuí, São Sebastião do Maranhão;4;684;100.0;684;Cadeia Coesa (100% interna)
NUCLEO_398;Santa Vitória, São Simão;6;546;66.7;546, 688;Cadeia Mista (Dominante: UTP 546)
NUCLEO_399;São Domingos das Dores, São Sebastião do Anta;2;157;50.0;157, 214;Cadeia Crítica (Núcleo Cross-UTP: 157, 214)
NUCLEO_4;Porto Velho, Candeias do Jamari;2;269;100.0;269;Cadeia Coesa (100% interna)
NUCLEO_40;Salvaterra, Soure;2;NOVA6;100.0;NOVA6;Cadeia Coesa (100% interna)
NUCLEO_400;São José do Jacuri, São Pedro do Suaçuí;4;684;50.0;521, 684;Cadeia Mista (Dominante: UTP 684)
NUCLEO_401;São Romão, Ubaí;3;417;66.7;218, 417;Cadeia Mista (Dominante: UTP 417)
NUCLEO_402;São Sebastião do Paraíso, São Tomás de Aquino;5;241;80.0;112, 241;Cadeia Crítica (Núcleo Cross-UTP: 241, 112)
NUCLEO_403;Teixeiras, Viçosa;18;361;50.0;265, 361;Cadeia Mista (Dominante: UTP 361)
NUCLEO_404;Tocantins, Ubá;14;349;85.7;221, 349, 361;Cadeia Mista (Dominante: UTP 349)
NUCLEO_405;Turmalina, Veredinha;9;450;100.0;450;Cadeia Coesa (100% interna)
NUCLEO_406;Alegre, Guaçuí;3;58;100.0;58;Cadeia Coesa (100% interna)
NUCLEO_407;Aracruz, João Neiva;3;198;66.7;198, 92;Cadeia Crítica (Núcleo Cross-UTP: 198, 92)
NUCLEO_408;Atílio Vivácqua, Cachoeiro de Itapemirim;7;58;100.0;58;Cadeia Coesa (100% interna)
NUCLEO_409;Boa Esperança, Pinheiros;4;266;75.0;266, 769;Cadeia Mista (Dominante: UTP 266)
NUCLEO_41;Santana do Araguaia, Vila Rica;2;782;50.0;619, 782;Cadeia Crítica (Núcleo Cross-UTP: 782, 619)
NUCLEO_410;Conceição do Castelo, Venda Nova do Imigrante;3;58;100.0;58;Cadeia Coesa (100% interna)
NUCLEO_411;Domingos Martins, Marechal Floriano;4;58;100.0;58;Cadeia Coesa (100% interna)
NUCLEO_412;Irupi, Iúna;4;214;50.0;214, 58;Cadeia Mista (Dominante: UTP 214)
NUCLEO_413;Itapemirim, Marataízes;7;58;100.0;58;Cadeia Coesa (100% interna)
NUCLEO_414;Jaguaré, São Mateus;7;315;100.0;315;Cadeia Coesa (100% interna)
NUCLEO_415;Linhares, Sooretama;10;198;50.0;198, 315, 92;Cadeia Mista (Dominante: UTP 198)
NUCLEO_416;Serra, Vitória;7;363;100.0;363;Cadeia Coesa (100% interna)
NUCLEO_417;Araruama, Saquarema;4;28;100.0;28;Cadeia Coesa (100% interna)
NUCLEO_418;Barra Mansa, Volta Redonda;14;364;42.9;215, 280, 345, 364, 767;Cadeia Mista (Dominante: UTP 364)
NUCLEO_419;Cabo Frio, São Pedro da Aldeia;4;56;100.0;56;Cadeia Coesa (100% interna)
NUCLEO_42;São Geraldo do Araguaia, Xambioá;19;20;78.9;20, 307, 476;Cadeia Mista (Dominante: UTP 20)
NUCLEO_420;Duque de Caxias, Rio de Janeiro;16;284;100.0;284;Cadeia Coesa (100% interna)
NUCLEO_421;Engenheiro Paulo de Frontin, Mendes;2;215;100.0;215;Cadeia Coesa (100% interna)
NUCLEO_422;Itaperuna, Laje do Muriaé;9;49;100.0;49;Cadeia Coesa (100% interna)
NUCLEO_423;Itatiaia, Resende;4;280;100.0;280;Cadeia Coesa (100% interna)
NUCLEO_424;Macaé, Rio das Ostras;10;201;50.0;201, 56, 68;Cadeia Mista (Dominante: UTP 201)
NUCLEO_425;Miguel Pereira, Paty do Alferes;2;245;100.0;245;Cadeia Coesa (100% interna)
NUCLEO_426;Miracema, Santo Antônio de Pádua;5;300;100.0;300;Cadeia Coesa (100% interna)
NUCLEO_427;Niterói, São Gonçalo;6;284;100.0;284;Cadeia Coesa (100% interna)
NUCLEO_428;Paraíba do Sul, Três Rios;6;345;83.3;189, 345;Cadeia Mista (Dominante: UTP 345)
NUCLEO_429;Adamantina, Lucélia;6;3;100.0;3;Cadeia Coesa (100% interna)
NUCLEO_43;Ferreira Gomes, Porto Grande;2;732;100.0;732;Cadeia Coesa (100% interna)
NUCLEO_430;Águas da Prata, São João da Boa Vista;4;308;100.0;308;Cadeia Coesa (100% interna)
NUCLEO_431;Álvares Machado, Presidente Prudente;17;274;100.0;274;Cadeia Coesa (100% interna)
NUCLEO_432;Americana, Santa Bárbara d'Oeste;3;13;100.0;13;Cadeia Coesa (100% interna)
NUCLEO_433;Américo Brasiliense, Araraquara;11;25;90.9;25, 292;Cadeia Mista (Dominante: UTP 25)
NUCLEO_434;Amparo, Serra Negra;7;5;57.1;14, 5;Cadeia Mista (Dominante: UTP 5)
NUCLEO_435;Angatuba, Campina do Monte Alegre;2;71;100.0;71;Cadeia Coesa (100% interna)
NUCLEO_436;Aparecida, Guaratinguetá;9;122;55.6;12, 122, 200;Cadeia Mista (Dominante: UTP 122)
NUCLEO_437;Apiaí, Barra do Chapéu;6;4;100.0;4;Cadeia Coesa (100% interna)
NUCLEO_438;Araçatuba, Birigui;14;301;50.0;3, 301, 357, 365, 45;Cadeia Crítica (Núcleo Cross-UTP: 301, 45)
NUCLEO_439;Arandu, Avaré;3;40;66.7;40, 723;Cadeia Crítica (Núcleo Cross-UTP: 40, 723)
NUCLEO_44;Laranjal do Jari, Vitória do Jari;2;194;100.0;194;Cadeia Coesa (100% interna)
NUCLEO_440;Areias, São José do Barreiro;4;12;100.0;12;Cadeia Coesa (100% interna)
NUCLEO_441;Assis, Palmital;11;232;63.6;230, 232, 274, 347, 481;Cadeia Mista (Dominante: UTP 232)
NUCLEO_442;Atibaia, Bom Jesus dos Perdões;5;51;100.0;51;Cadeia Coesa (100% interna)
NUCLEO_443;Barão de Antonina, Itaporanga;3;393;66.7;393, 723;Cadeia Crítica (Núcleo Cross-UTP: 393, 723)
NUCLEO_444;Barretos, Colina;6;39;100.0;39;Cadeia Coesa (100% interna)
NUCLEO_445;Bauru, Piratininga;14;40;92.9;180, 40;Cadeia Mista (Dominante: UTP 40)
NUCLEO_446;Bebedouro, Monte Azul Paulista;6;82;50.0;39, 82;Cadeia Crítica (Núcleo Cross-UTP: 82, 39)
NUCLEO_447;Botucatu, São Manuel;10;50;80.0;36, 40, 50;Cadeia Mista (Dominante: UTP 50)
NUCLEO_448;Brotas, Torrinha;2;180;100.0;180;Cadeia Coesa (100% interna)
NUCLEO_449;Campinas, Hortolândia;14;NOVA15;85.7;168, NOVA15;Cadeia Mista (Dominante: UTP NOVA15)
NUCLEO_45;Macapá, Santana;3;202;100.0;202;Cadeia Coesa (100% interna)
NUCLEO_450;Capão Bonito, Ribeirão Grande;3;71;100.0;71;Cadeia Coesa (100% interna)
NUCLEO_451;Capivari, Rafard;4;74;75.0;256, 74;Cadeia Mista (Dominante: UTP 74)
NUCLEO_452;Castilho, Três Lagoas;9;344;88.9;344, 357;Cadeia Mista (Dominante: UTP 344)
NUCLEO_453;Catanduva, Pindorama;15;82;93.3;292, 82;Cadeia Mista (Dominante: UTP 82)
NUCLEO_454;Cerquilho, Tietê;3;87;100.0;87;Cadeia Coesa (100% interna)
NUCLEO_455;Cruzália, Pedrinhas Paulista;2;232;100.0;232;Cadeia Coesa (100% interna)
NUCLEO_456;Dracena, Junqueirópolis;9;348;77.8;274, 348;Cadeia Mista (Dominante: UTP 348)
NUCLEO_457;Franca, Patrocínio Paulista;15;112;86.7;112, 124;Cadeia Mista (Dominante: UTP 112)
NUCLEO_458;Guaiçara, Lins;9;210;44.4;210, 40, 45;Cadeia Mista (Dominante: UTP 210)
NUCLEO_459;Guará, São Joaquim da Barra;3;124;100.0;124;Cadeia Coesa (100% interna)
NUCLEO_46;Pracuúba, Tartarugalzinho;4;732;75.0;433, 732;Cadeia Mista (Dominante: UTP 732)
NUCLEO_460;Guarulhos, São Paulo;30;316;100.0;316;Cadeia Coesa (100% interna)
NUCLEO_461;Guzolândia, Sud Mennucci;7;114;85.7;114, 301;Cadeia Crítica (Núcleo Cross-UTP: 114, 301)
NUCLEO_462;Herculândia, Tupã;5;347;100.0;347;Cadeia Coesa (100% interna)
NUCLEO_463;Ibaté, São Carlos;6;305;100.0;305;Cadeia Coesa (100% interna)
NUCLEO_464;Iguape, Ilha Comprida;2;663;100.0;663;Cadeia Coesa (100% interna)
NUCLEO_465;Iracemápolis, Limeira;3;597;66.7;283, 597;Cadeia Mista (Dominante: UTP 597)
NUCLEO_466;Itapeva, Nova Campina;8;71;87.5;71, 723;Cadeia Mista (Dominante: UTP 71)
NUCLEO_467;Itararé, Sengés;2;393;100.0;393;Cadeia Coesa (100% interna)
NUCLEO_468;Itariri, Pedro de Toledo;2;663;100.0;663;Cadeia Coesa (100% interna)
NUCLEO_469;Itobi, São José do Rio Pardo;7;524;85.7;308, 524;Cadeia Mista (Dominante: UTP 524)
NUCLEO_47;Araguacema, Dois Irmãos do Tocantins;2;390;100.0;390;Cadeia Coesa (100% interna)
NUCLEO_470;Itu, Salto;2;170;100.0;170;Cadeia Coesa (100% interna)
NUCLEO_471;Jacareí, São José dos Campos;14;312;64.3;312, 333, 75;Cadeia Mista (Dominante: UTP 312)
NUCLEO_472;Jaguariúna, Pedreira;3;NOVA15;100.0;NOVA15;Cadeia Coesa (100% interna)
NUCLEO_473;João Ramalho, Quatá;2;274;50.0;274, 347;Cadeia Crítica (Núcleo Cross-UTP: 274, 347)
NUCLEO_474;Jundiaí, Várzea Paulista;7;NOVA16;100.0;NOVA16;Cadeia Coesa (100% interna)
NUCLEO_475;Laranjal Paulista, Pereiras;3;50;66.7;256, 50;Cadeia Crítica (Núcleo Cross-UTP: 256, 50)
NUCLEO_476;Lavínia, Mirandópolis;3;357;100.0;357;Cadeia Coesa (100% interna)
NUCLEO_477;Leme, Pirassununga;5;26;60.0;196, 26;Cadeia Crítica (Núcleo Cross-UTP: 26, 196)
NUCLEO_478;Marília, Vera Cruz;15;210;93.3;210, 40;Cadeia Mista (Dominante: UTP 210)
NUCLEO_479;Mirante do Paranapanema, Teodoro Sampaio;10;274;40.0;226, 233, 274, 462;Cadeia Mista (Dominante: UTP 274)
NUCLEO_48;Arraias, Conceição do Tocantins;5;396;100.0;396;Cadeia Coesa (100% interna)
NUCLEO_480;Mirassol, São José do Rio Preto;32;311;81.2;225, 311;Cadeia Mista (Dominante: UTP 311)
NUCLEO_481;Mococa, Tambaú;2;281;100.0;281;Cadeia Coesa (100% interna)
NUCLEO_482;Mogi das Cruzes, Suzano;5;316;100.0;316;Cadeia Coesa (100% interna)
NUCLEO_483;Mogi Guaçu, Mogi Mirim;8;217;62.5;217, 308;Cadeia Mista (Dominante: UTP 217)
NUCLEO_484;Osvaldo Cruz, Parapuã;8;347;50.0;274, 3, 301, 347;Cadeia Crítica (Núcleo Cross-UTP: 3, 347)
NUCLEO_485;Ourinhos, Santa Cruz do Rio Pardo;14;230;78.6;230, 384, 40;Cadeia Mista (Dominante: UTP 230)
NUCLEO_486;Panorama, Paulicéia;3;348;100.0;348;Cadeia Coesa (100% interna)
NUCLEO_487;Piraju, Sarutaiá;9;723;44.4;230, 40, 723;Cadeia Crítica (Núcleo Cross-UTP: 723, 230)
NUCLEO_488;Pompéia, Quintana;2;210;50.0;210, 347;Cadeia Crítica (Núcleo Cross-UTP: 210, 347)
NUCLEO_489;Pontes Gestal, Riolândia;3;365;66.7;261, 365;Cadeia Mista (Dominante: UTP 365)
NUCLEO_49;Augustinópolis, Buriti do Tocantins;4;392;100.0;392;Cadeia Coesa (100% interna)
NUCLEO_490;Porangaba, Quadra;4;50;100.0;50;Cadeia Coesa (100% interna)
NUCLEO_491;Presidente Epitácio, Bataguassu;8;408;50.0;275, 408;Cadeia Mista (Dominante: UTP 408)
NUCLEO_492;Registro, Sete Barras;10;663;100.0;663;Cadeia Coesa (100% interna)
NUCLEO_493;Ribeirão Preto, Sertãozinho;29;281;86.2;123, 281;Cadeia Mista (Dominante: UTP 281)
NUCLEO_494;Rio Claro, Santa Gertrudes;5;283;100.0;283;Cadeia Coesa (100% interna)
NUCLEO_495;Santa Fé do Sul, Três Fronteiras;21;175;57.1;175, 294, 629;Cadeia Mista (Dominante: UTP 175)
NUCLEO_496;Santos, São Vicente;8;34;100.0;34;Cadeia Coesa (100% interna)
NUCLEO_497;Sorocaba, Votorantim;13;328;61.5;318, 328, 48;Cadeia Mista (Dominante: UTP 328)
NUCLEO_498;Taquarituba, Tejupá;5;723;60.0;393, 71, 723;Cadeia Mista (Dominante: UTP 723)
NUCLEO_499;Taubaté, Tremembé;7;333;85.7;122, 333;Cadeia Mista (Dominante: UTP 333)
NUCLEO_5;Rolim de Moura, Santa Luzia D'Oeste;10;670;50.0;430, 638, 670;Cadeia Mista (Dominante: UTP 670)
NUCLEO_50;Bom Jesus do Tocantins, Guaraí;12;249;83.3;20, 249, 516;Cadeia Mista (Dominante: UTP 249)
NUCLEO_500;Timburi, Ribeirão Claro;2;230;50.0;230, 384;Cadeia Crítica (Núcleo Cross-UTP: 230, 384)
NUCLEO_501;Valentim Gentil, Votuporanga;19;365;63.2;108, 365;Cadeia Mista (Dominante: UTP 365)
NUCLEO_502;Apucarana, Califórnia;6;17;50.0;17, 578;Cadeia Mista (Dominante: UTP 17)
NUCLEO_503;Arapongas, Rolândia;7;199;57.1;199, 23;Cadeia Mista (Dominante: UTP 199)
NUCLEO_504;Boa Vista da Aparecida, Três Barras do Paraná;3;661;66.7;661, 79;Cadeia Mista (Dominante: UTP 661)
NUCLEO_505;Cafelândia, Nova Aurora;4;79;100.0;79;Cadeia Coesa (100% interna)
NUCLEO_506;Cambé, Londrina;16;199;93.8;199, 23;Cadeia Mista (Dominante: UTP 199)
NUCLEO_507;Campina da Lagoa, Ubiratã;4;517;100.0;517;Cadeia Coesa (100% interna)
NUCLEO_508;Campina do Simão, Manoel Ribas;5;121;100.0;121;Cadeia Coesa (100% interna)
NUCLEO_509;Cantagalo, Virmond;6;121;100.0;121;Cadeia Coesa (100% interna)
NUCLEO_51;Campos Lindos, Goiatins;2;516;100.0;516;Cadeia Coesa (100% interna)
NUCLEO_510;Carambeí, Ponta Grossa;15;264;86.7;121, 264, 354;Cadeia Mista (Dominante: UTP 264)
NUCLEO_511;Cianorte, São Tomé;6;468;100.0;468;Cadeia Coesa (100% interna)
NUCLEO_512;Colorado, Paranacity;7;462;57.1;211, 233, 235, 462;Cadeia Crítica (Núcleo Cross-UTP: 211, 462)
NUCLEO_513;Cornélio Procópio, Nova América da Colina;8;481;100.0;481;Cadeia Coesa (100% interna)
NUCLEO_514;Coronel Vivida, Pato Branco;21;242;90.5;242, 512;Cadeia Mista (Dominante: UTP 242)
NUCLEO_515;Cruzeiro do Oeste, Umuarama;23;353;100.0;353;Cadeia Coesa (100% interna)
NUCLEO_516;Curitiba, São José dos Pinhais;26;100;100.0;100;Cadeia Coesa (100% interna)
NUCLEO_517;Faxinal, Mauá da Serra;9;578;88.9;17, 578;Cadeia Mista (Dominante: UTP 578)
NUCLEO_518;Formosa do Oeste, Jesuítas;2;79;100.0;79;Cadeia Coesa (100% interna)
NUCLEO_519;Francisco Beltrão, Marmeleiro;13;512;84.6;121, 153, 512;Cadeia Mista (Dominante: UTP 512)
NUCLEO_52;Carrasco Bonito, São Sebastião do Tocantins;5;392;100.0;392;Cadeia Coesa (100% interna)
NUCLEO_520;Goioerê, Moreira Sales;6;517;100.0;517;Cadeia Coesa (100% interna)
NUCLEO_521;Guaíra, Terra Roxa;2;624;100.0;624;Cadeia Coesa (100% interna)
NUCLEO_522;Guamiranga, Prudentópolis;3;264;66.7;121, 264;Cadeia Crítica (Núcleo Cross-UTP: 264, 121)
NUCLEO_523;Guaporema, Rondon;2;468;100.0;468;Cadeia Coesa (100% interna)
NUCLEO_524;Guarapuava, Turvo;10;121;90.0;121, 354;Cadeia Mista (Dominante: UTP 121)
NUCLEO_525;Ibaiti, Japira;5;530;100.0;530;Cadeia Coesa (100% interna)
NUCLEO_526;Itaipulândia, Missal;2;587;100.0;587;Cadeia Coesa (100% interna)
NUCLEO_527;Itaúna do Sul, Nova Londrina;9;571;66.7;235, 571;Cadeia Mista (Dominante: UTP 571)
NUCLEO_528;Ivaiporã, Jardim Alegre;5;578;100.0;578;Cadeia Coesa (100% interna)
NUCLEO_529;Marechal Cândido Rondon, Toledo;15;582;46.7;340, 582, 624;Cadeia Crítica (Núcleo Cross-UTP: 582, 340)
NUCLEO_53;Centenário, Recursolândia;2;249;100.0;249;Cadeia Coesa (100% interna)
NUCLEO_530;Maringá, Sarandi;25;211;88.0;177, 211;Cadeia Mista (Dominante: UTP 211)
NUCLEO_531;Nova Prata do Iguaçu, Salto do Lontra;2;512;100.0;512;Cadeia Coesa (100% interna)
NUCLEO_532;Ortigueira, Telêmaco Borba;7;735;100.0;735;Cadeia Coesa (100% interna)
NUCLEO_533;Paranaguá, Pontal do Paraná;6;234;100.0;234;Cadeia Coesa (100% interna)
NUCLEO_534;Paula Freitas, União da Vitória;8;354;87.5;264, 354;Cadeia Mista (Dominante: UTP 354)
NUCLEO_535;Santa Cecília do Pavão, São Sebastião da Amoreira;6;481;83.3;481, 735;Cadeia Mista (Dominante: UTP 481)
NUCLEO_536;Santana do Itararé, Wenceslau Braz;5;393;60.0;393, 530;Cadeia Mista (Dominante: UTP 393)
NUCLEO_537;São João do Ivaí, São Pedro do Ivaí;3;578;100.0;578;Cadeia Coesa (100% interna)
NUCLEO_538;Araquari, Joinville;6;186;100.0;186;Cadeia Coesa (100% interna)
NUCLEO_539;Araranguá, Balneário Arroio do Silva;7;24;42.9;24, 327, 96;Cadeia Mista (Dominante: UTP 24)
NUCLEO_54;Chapada de Areia, Monte Santo do Tocantins;5;390;100.0;390;Cadeia Coesa (100% interna)
NUCLEO_540;Aurora, Rio do Sul;22;285;100.0;285;Cadeia Coesa (100% interna)
NUCLEO_541;Balneário Camboriú, Camboriú;4;160;100.0;160;Cadeia Coesa (100% interna)
NUCLEO_542;Balneário Gaivota, Sombrio;3;327;66.7;272, 327;Cadeia Mista (Dominante: UTP 327)
NUCLEO_543;Blumenau, Gaspar;10;46;90.0;46, 55;Cadeia Mista (Dominante: UTP 46)
NUCLEO_544;Brusque, Guabiruba;2;55;100.0;55;Cadeia Coesa (100% interna)
NUCLEO_545;Caçador, Rio das Antas;3;426;100.0;426;Cadeia Coesa (100% interna)
NUCLEO_546;Campo Erê, São Lourenço do Oeste;17;NOVA14;100.0;NOVA14;Cadeia Coesa (100% interna)
NUCLEO_547;Canelinha, Tijucas;5;110;100.0;110;Cadeia Coesa (100% interna)
NUCLEO_548;Canoinhas, Três Barras;5;70;100.0;70;Cadeia Coesa (100% interna)
NUCLEO_549;Capivari de Baixo, Tubarão;13;346;38.5;127, 346, 551;Cadeia Mista (Dominante: UTP 346)
NUCLEO_55;Cristalândia, Nova Rosalândia;4;390;100.0;390;Cadeia Coesa (100% interna)
NUCLEO_550;Concórdia, Irani;7;480;100.0;480;Cadeia Coesa (100% interna)
NUCLEO_551;Criciúma, Içara;13;96;100.0;96;Cadeia Coesa (100% interna)
NUCLEO_552;Cunha Porã, Maravilha;2;714;100.0;714;Cadeia Coesa (100% interna)
NUCLEO_553;Curitibanos, São Cristóvão do Sul;5;495;100.0;495;Cadeia Coesa (100% interna)
NUCLEO_554;Florianópolis, São José;15;110;100.0;110;Cadeia Coesa (100% interna)
NUCLEO_555;Guaraciaba, São Miguel do Oeste;23;714;100.0;714;Cadeia Coesa (100% interna)
NUCLEO_556;Guaramirim, Jaraguá do Sul;7;178;100.0;178;Cadeia Coesa (100% interna)
NUCLEO_557;Guarujá do Sul, São José do Cedro;5;714;60.0;714, NOVA14;Cadeia Mista (Dominante: UTP 714)
NUCLEO_558;Herval d'Oeste, Joaçaba;15;756;33.3;183, 259, 480, 73, 756;Cadeia Mista (Dominante: UTP 756)
NUCLEO_559;Ibirama, Lontras;4;285;100.0;285;Cadeia Coesa (100% interna)
NUCLEO_56;Formoso do Araguaia, Gurupi;14;526;78.6;391, 526;Cadeia Mista (Dominante: UTP 526)
NUCLEO_560;Iomerê, Videira;15;756;60.0;183, 426, 73, 756;Cadeia Mista (Dominante: UTP 756)
NUCLEO_561;Itaiópolis, Mafra;3;204;100.0;204;Cadeia Coesa (100% interna)
NUCLEO_562;Itapema, Porto Belo;3;164;100.0;164;Cadeia Coesa (100% interna)
NUCLEO_563;Monte Castelo, Papanduva;2;204;100.0;204;Cadeia Coesa (100% interna)
NUCLEO_564;Orleans, Pedras Grandes;2;551;100.0;551;Cadeia Coesa (100% interna)
NUCLEO_565;Praia Grande, São João do Sul;3;272;66.7;272, 327;Cadeia Mista (Dominante: UTP 272)
NUCLEO_566;Rio Negrinho, São Bento do Sul;3;303;100.0;303;Cadeia Coesa (100% interna)
NUCLEO_567;Alpestre, Planalto;5;513;60.0;513, 607;Cadeia Mista (Dominante: UTP 513)
NUCLEO_568;Arroio do Tigre, Sobradinho;5;678;80.0;293, 678;Cadeia Mista (Dominante: UTP 678)
NUCLEO_569;Arvorezinha, Ilópolis;3;193;66.7;193, 505;Cadeia Crítica (Núcleo Cross-UTP: 193, 505)
NUCLEO_57;Jaú do Tocantins, Palmeirópolis;4;526;100.0;526;Cadeia Coesa (100% interna)
NUCLEO_570;Barão de Cotegipe, Erechim;23;503;95.7;503, 607;Cadeia Mista (Dominante: UTP 503)
NUCLEO_571;Barra do Quaraí, Uruguaiana;4;156;100.0;156;Cadeia Coesa (100% interna)
NUCLEO_572;Barra Funda, Sarandi;6;622;100.0;622;Cadeia Coesa (100% interna)
NUCLEO_573;Bom Princípio, Feliz;4;NOVA21;100.0;NOVA21;Cadeia Coesa (100% interna)
NUCLEO_574;Brochier, Maratá;3;66;66.7;338, 66;Cadeia Crítica (Núcleo Cross-UTP: 338, 66)
NUCLEO_575;Cacequi, São Vicente do Sul;2;497;100.0;497;Cadeia Coesa (100% interna)
NUCLEO_576;Cachoeirinha, Gravataí;3;267;100.0;267;Cadeia Coesa (100% interna)
NUCLEO_577;Cacique Doble, São José do Ouro;6;192;66.7;192, 503;Cadeia Crítica (Núcleo Cross-UTP: 503, 192)
NUCLEO_578;Camaquã, Tapes;7;709;100.0;709;Cadeia Coesa (100% interna)
NUCLEO_579;Canela, Gramado;13;69;61.5;342, 343, 69, NOVA13;Cadeia Mista (Dominante: UTP 69)
NUCLEO_58;Lagoa do Tocantins, Santa Tereza do Tocantins;3;570;100.0;570;Cadeia Coesa (100% interna)
NUCLEO_580;Canoas, Porto Alegre;20;267;55.0;228, 267, 330, 89;Cadeia Mista (Dominante: UTP 267)
NUCLEO_581;Capão do Leão, Pelotas;17;251;82.4;251, 286, 709, NOVA1;Cadeia Mista (Dominante: UTP 251)
NUCLEO_582;Caxias do Sul, Farroupilha;12;84;58.3;43, 84;Cadeia Mista (Dominante: UTP 84)
NUCLEO_583;Cerro Largo, Guarani das Missões;6;299;50.0;299, 711;Cadeia Mista (Dominante: UTP 299)
NUCLEO_584;Chuí, Santa Vitória do Palmar;2;130;100.0;130;Cadeia Coesa (100% interna)
NUCLEO_585;Condor, Panambi;13;622;30.8;491, 513, 532, 535, 622;Cadeia Mista (Dominante: UTP 622)
NUCLEO_586;Dom Pedro de Alcântara, Torres;6;342;100.0;342;Cadeia Coesa (100% interna)
NUCLEO_587;Entre-Ijuís, Santo Ângelo;25;299;44.0;299, 491, 527, 535, 711;Cadeia Mista (Dominante: UTP 299)
NUCLEO_588;Erval Grande, Itatiba do Sul;2;503;100.0;503;Cadeia Coesa (100% interna)
NUCLEO_589;Estação, Getúlio Vargas;5;115;100.0;115;Cadeia Coesa (100% interna)
NUCLEO_59;Miracema do Tocantins, Miranorte;2;216;100.0;216;Cadeia Coesa (100% interna)
NUCLEO_590;Estrela, Lajeado;17;193;76.5;193, 338;Cadeia Mista (Dominante: UTP 193)
NUCLEO_591;Fontoura Xavier, São José do Herval;2;505;100.0;505;Cadeia Coesa (100% interna)
NUCLEO_592;Frederico Westphalen, Seberi;10;513;100.0;513;Cadeia Coesa (100% interna)
NUCLEO_593;Guaporé, Serafina Corrêa;15;522;60.0;193, 240, 522;Cadeia Mista (Dominante: UTP 522)
NUCLEO_594;Harmonia, Tupandi;6;66;100.0;66;Cadeia Coesa (100% interna)
NUCLEO_595;Imbé, Tramandaí;3;343;100.0;343;Cadeia Coesa (100% interna)
NUCLEO_596;Marau, Vila Maria;16;240;75.0;240, 505, 522, 532, 622;Cadeia Mista (Dominante: UTP 240)
NUCLEO_597;Muitos Capões, Vacaria;16;750;56.2;192, 503, 750;Cadeia Mista (Dominante: UTP 750)
NUCLEO_598;Nonoai, Rio dos Índios;3;607;100.0;607;Cadeia Coesa (100% interna)
NUCLEO_599;Parobé, Taquara;7;330;57.1;320, 330;Cadeia Mista (Dominante: UTP 330)
NUCLEO_6;Alvorada D'Oeste, Urupá;7;182;57.1;182, 379;Cadeia Mista (Dominante: UTP 182)
NUCLEO_60;Natividade, Santa Rosa do Tocantins;9;628;55.6;499, 628;Cadeia Mista (Dominante: UTP 628)
NUCLEO_600;Passa Sete, Salto do Jacuí;5;678;60.0;293, 678;Cadeia Crítica (Núcleo Cross-UTP: 293, 678)
NUCLEO_601;Passo do Sobrado, Vale Verde;3;293;100.0;293;Cadeia Coesa (100% interna)
NUCLEO_602;Pouso Novo, Progresso;4;193;100.0;193;Cadeia Coesa (100% interna)
NUCLEO_603;Presidente Lucena, São José do Hortêncio;3;NOVA13;100.0;NOVA13;Cadeia Coesa (100% interna)
NUCLEO_604;Sananduva, São João da Urtiga;2;192;50.0;192, 503;Cadeia Crítica (Núcleo Cross-UTP: 192, 503)
NUCLEO_605;Santa Cruz do Sul, Venâncio Aires;18;293;66.7;293, 359, 429, 502, 505, 678;Cadeia Crítica (Núcleo Cross-UTP: 293, 359)
NUCLEO_606;Santa Maria, São Sepé;32;497;84.4;33, 497, 562, 672;Cadeia Mista (Dominante: UTP 497)
NUCLEO_607;Tiradentes do Sul, Três Passos;12;441;83.3;441, 513, 535;Cadeia Mista (Dominante: UTP 441)
NUCLEO_608;Três Palmeiras, Trindade do Sul;3;607;66.7;607, 622;Cadeia Crítica (Núcleo Cross-UTP: 622, 607)
NUCLEO_609;Veranópolis, Vila Flores;9;754;44.4;522, 611, 754;Cadeia Mista (Dominante: UTP 754)
NUCLEO_61;Nazaré, Tocantinópolis;9;105;88.9;105, 392;Cadeia Mista (Dominante: UTP 105)
NUCLEO_610;Água Clara, Ribas do Rio Pardo;2;344;100.0;344;Cadeia Coesa (100% interna)
NUCLEO_611;Anastácio, Aquidauana;4;18;75.0;18, 414;Cadeia Mista (Dominante: UTP 18)
NUCLEO_612;Angélica, Ivinhema;3;103;66.7;103, 609;Cadeia Crítica (Núcleo Cross-UTP: 609, 103)
NUCLEO_613;Batayporã, Nova Andradina;3;609;100.0;609;Cadeia Coesa (100% interna)
NUCLEO_614;Campo Grande, Terenos;9;67;77.8;179, 434, 67;Cadeia Mista (Dominante: UTP 67)
NUCLEO_615;Cassilândia, Itarumã;5;458;100.0;458;Cadeia Coesa (100% interna)
NUCLEO_616;Chapadão do Sul, Costa Rica;5;466;100.0;466;Cadeia Coesa (100% interna)
NUCLEO_617;Corumbá, Ladário;2;138;100.0;138;Cadeia Coesa (100% interna)
NUCLEO_618;Dourados, Ponta Porã;16;103;43.8;103, 148, 604, 652;Cadeia Crítica (Núcleo Cross-UTP: 103, 148)
NUCLEO_619;Guia Lopes da Laguna, Jardim;3;179;66.7;179, 414;Cadeia Mista (Dominante: UTP 179)
NUCLEO_62;Pedro Afonso, Presidente Kennedy;5;249;60.0;20, 249;Cadeia Crítica (Núcleo Cross-UTP: 249, 20)
NUCLEO_620;Nova Alvorada do Sul, Rio Brilhante;2;666;100.0;666;Cadeia Coesa (100% interna)
NUCLEO_621;Sete Quedas, Tacuru;3;604;66.7;148, 604;Cadeia Mista (Dominante: UTP 604)
NUCLEO_622;Sonora, Itiquira;4;289;50.0;289, 486;Cadeia Mista (Dominante: UTP 289)
NUCLEO_623;Água Boa, Canarana;4;784;100.0;784;Cadeia Coesa (100% interna)
NUCLEO_624;Alta Floresta, Carlinda;3;374;100.0;374;Cadeia Coesa (100% interna)
NUCLEO_625;Alto Araguaia, Santa Rita do Araguaia;4;9;100.0;9;Cadeia Coesa (100% interna)
NUCLEO_626;Arenápolis, Nortelândia;6;30;83.3;30, 729;Cadeia Mista (Dominante: UTP 30)
NUCLEO_627;Barra do Garças, Aragarças;6;37;100.0;37;Cadeia Coesa (100% interna)
NUCLEO_628;Bom Jesus do Araguaia, Serra Nova Dourada;2;695;100.0;695;Cadeia Coesa (100% interna)
NUCLEO_629;Campos de Júlio, Sapezal;2;759;100.0;759;Cadeia Coesa (100% interna)
NUCLEO_63;Pindorama do Tocantins, Ponte Alta do Tocantins;2;231;50.0;231, 499;Cadeia Crítica (Núcleo Cross-UTP: 231, 499)
NUCLEO_630;Castanheira, Juína;2;561;100.0;561;Cadeia Coesa (100% interna)
NUCLEO_631;Colíder, Nova Canaã do Norte;2;474;100.0;474;Cadeia Coesa (100% interna)
NUCLEO_632;Confresa, Porto Alegre do Norte;2;782;100.0;782;Cadeia Coesa (100% interna)
NUCLEO_633;Cotriguaçu, Juruena;2;564;100.0;564;Cadeia Coesa (100% interna)
NUCLEO_634;Cuiabá, Várzea Grande;10;98;100.0;98;Cadeia Coesa (100% interna)
NUCLEO_635;Matupá, Peixoto de Azevedo;8;585;75.0;324, 474, 585;Cadeia Mista (Dominante: UTP 585)
NUCLEO_636;Nova Lacerda, Pontes e Lacerda;7;647;100.0;647;Cadeia Coesa (100% interna)
NUCLEO_637;Nova Olímpia, Tangará da Serra;4;729;100.0;729;Cadeia Coesa (100% interna)
NUCLEO_638;Novo Horizonte do Norte, Porto dos Gaúchos;3;651;100.0;651;Cadeia Coesa (100% interna)
NUCLEO_639;Pedra Preta, Rondonópolis;10;289;90.0;174, 289;Cadeia Mista (Dominante: UTP 289)
NUCLEO_64;Porto Nacional, Palmas;14;231;78.6;216, 231;Cadeia Mista (Dominante: UTP 231)
NUCLEO_640;Rio Branco, Salto do Céu;4;428;100.0;428;Cadeia Coesa (100% interna)
NUCLEO_641;Sinop, Sorriso;9;725;55.6;324, 572, 725;Cadeia Crítica (Núcleo Cross-UTP: 324, 725)
NUCLEO_642;Água Fria de Goiás, São João d'Aliança;3;53;66.7;378, 53;Cadeia Crítica (Núcleo Cross-UTP: 53, 378)
NUCLEO_643;Águas Lindas de Goiás, Cocalzinho de Goiás;3;53;100.0;53;Cadeia Coesa (100% interna)
NUCLEO_644;Alexânia, Brasília;6;641;50.0;53, 641, 783;Cadeia Crítica (Núcleo Cross-UTP: 641, 53)
NUCLEO_645;Alto Paraíso de Goiás, Cavalcante;2;378;100.0;378;Cadeia Coesa (100% interna)
NUCLEO_646;Amaralina, Porangatu;10;648;80.0;588, 648;Cadeia Mista (Dominante: UTP 648)
NUCLEO_647;Anápolis, Jaraguá;14;86;64.3;117, 642, 710, 86;Cadeia Crítica (Núcleo Cross-UTP: 117, 86)
NUCLEO_648;Aparecida de Goiânia, Goiânia;21;117;100.0;117;Cadeia Coesa (100% interna)
NUCLEO_649;Barro Alto, Goianésia;4;116;100.0;116;Cadeia Coesa (100% interna)
NUCLEO_65;Água Doce do Maranhão, Tutóia;3;239;100.0;239;Cadeia Coesa (100% interna)
NUCLEO_650;Bom Jardim de Goiás, Piranhas;6;537;66.7;341, 37, 537;Cadeia Mista (Dominante: UTP 537)
NUCLEO_651;Campinorte, Uruaçu;8;746;87.5;746, 86;Cadeia Mista (Dominante: UTP 746)
NUCLEO_652;Campos Verdes, Crixás;6;489;100.0;489;Cadeia Coesa (100% interna)
NUCLEO_653;Catalão, Ouvidor;9;81;88.9;62, 81;Cadeia Mista (Dominante: UTP 81)
NUCLEO_654;Damianópolis, Mambaí;4;654;100.0;654;Cadeia Coesa (100% interna)
NUCLEO_655;Faina, Mozarlândia;5;398;60.0;398, 601, 86;Cadeia Crítica (Núcleo Cross-UTP: 86, 601)
NUCLEO_656;Firminópolis, São Luís de Montes Belos;23;710;78.3;129, 37, 710;Cadeia Mista (Dominante: UTP 710)
NUCLEO_657;Flores de Goiás, Vila Boa;4;11;75.0;11, 783;Cadeia Crítica (Núcleo Cross-UTP: 11, 783)
NUCLEO_658;Formosa, Planaltina;2;53;100.0;53;Cadeia Coesa (100% interna)
NUCLEO_659;Divinópolis de Goiás, São Domingos;2;694;100.0;694;Cadeia Coesa (100% interna)
NUCLEO_66;Altamira do Maranhão, Vitorino Freire;3;32;66.7;32, 681;Cadeia Mista (Dominante: UTP 32)
NUCLEO_660;Iaciara, Posse;5;654;100.0;654;Cadeia Coesa (100% interna)
NUCLEO_661;Itaberaí, Itauçu;3;710;100.0;710;Cadeia Coesa (100% interna)
NUCLEO_662;Montividiu, Rio Verde;21;287;47.6;129, 277, 287, 37, 537, 555, 590, 710;Cadeia Mista (Dominante: UTP 287)
NUCLEO_663;Mundo Novo, Nova Crixás;4;713;100.0;713;Cadeia Coesa (100% interna)
NUCLEO_664;Nazário, Palmeiras de Goiás;7;129;57.1;117, 129, 710;Cadeia Crítica (Núcleo Cross-UTP: 710, 129)
NUCLEO_665;Nova Glória, Rialma;14;86;85.7;601, 746, 86;Cadeia Mista (Dominante: UTP 86)
NUCLEO_666;Novo Gama, Valparaíso de Goiás;5;53;100.0;53;Cadeia Coesa (100% interna)
NUCLEO_667;Orizona, Pires do Rio;6;642;100.0;642;Cadeia Coesa (100% interna)
NUCLEO_668;Silvânia, Vianópolis;3;642;100.0;642;Cadeia Coesa (100% interna)
NUCLEO_67;Alto Alegre do Maranhão, Bacabal;20;32;70.0;32, 657, 745, 91;Cadeia Mista (Dominante: UTP 32)
NUCLEO_68;Alto Parnaíba, Tasso Fragoso;3;10;100.0;10;Cadeia Coesa (100% interna)
NUCLEO_69;Bacabeira, Rosário;4;314;50.0;219, 314;Cadeia Mista (Dominante: UTP 314)
NUCLEO_7;Theobroma, Vale do Anari;3;182;100.0;182;Cadeia Coesa (100% interna)
NUCLEO_70;Balsas, São Raimundo das Mangabeiras;5;400;80.0;400, 77;Cadeia Mista (Dominante: UTP 400)
NUCLEO_71;Barra do Corda, Grajaú;5;518;60.0;405, 518;Cadeia Crítica (Núcleo Cross-UTP: 405, 518)
NUCLEO_72;Benedito Leite, Uruçuí;6;355;100.0;355;Cadeia Coesa (100% interna)
NUCLEO_73;Carutapera, Junco do Maranhão;8;456;100.0;456;Cadeia Coesa (100% interna)
NUCLEO_74;Caxias, Timon;6;85;83.3;336, 85;Cadeia Crítica (Núcleo Cross-UTP: 85, 336)
NUCLEO_75;Estreito, Porto Franco;6;339;100.0;339;Cadeia Coesa (100% interna)
NUCLEO_76;Fortaleza dos Nogueiras, São Pedro dos Crentes;3;511;100.0;511;Cadeia Coesa (100% interna)
NUCLEO_77;Imperatriz, João Lisboa;14;128;85.7;128, 724;Cadeia Mista (Dominante: UTP 128)
NUCLEO_78;Lago dos Rodrigues, Pedreiras;8;248;100.0;248;Cadeia Coesa (100% interna)
NUCLEO_79;Nina Rodrigues, Vargem Grande;10;745;60.0;419, 745;Cadeia Mista (Dominante: UTP 745)
NUCLEO_8;Assis Brasil, Brasiléia;2;137;100.0;137;Cadeia Coesa (100% interna)
NUCLEO_80;Pastos Bons, São João dos Patos;8;705;37.5;109, 355, 475, 705;Cadeia Mista (Dominante: UTP 705)
NUCLEO_81;Pindaré-Mirim, Santa Inês;14;681;71.4;681, 765;Cadeia Mista (Dominante: UTP 681)
NUCLEO_82;Presidente Dutra, Tuntum;14;657;92.9;475, 657;Cadeia Mista (Dominante: UTP 657)
NUCLEO_83;São José de Ribamar, São Luís;9;314;77.8;219, 295, 314;Cadeia Mista (Dominante: UTP 314)
NUCLEO_84;São Pedro da Água Branca, Vila Nova dos Martírios;2;128;100.0;128;Cadeia Coesa (100% interna)
NUCLEO_85;São Raimundo do Doca Bezerra, São Roberto;2;405;100.0;405;Cadeia Coesa (100% interna)
NUCLEO_86;Viana, Vitória do Mearim;12;295;75.0;295, 681, 745;Cadeia Crítica (Núcleo Cross-UTP: 295, 681)
NUCLEO_87;Água Branca, São Pedro do Piauí;14;15;71.4;15, 336, 751;Cadeia Mista (Dominante: UTP 15)
NUCLEO_88;Alto Longá, São João da Serra;3;459;66.7;439, 459;Cadeia Crítica (Núcleo Cross-UTP: 439, 459)
NUCLEO_89;Altos, Teresina;13;336;100.0;336;Cadeia Coesa (100% interna)
NUCLEO_9;Cruzeiro do Sul, Rodrigues Alves;4;492;100.0;492;Cadeia Coesa (100% interna)
NUCLEO_90;Amarante, Regeneração;4;15;75.0;109, 15;Cadeia Mista (Dominante: UTP 15)
NUCLEO_91;Anísio de Abreu, Jurema;5;716;100.0;716;Cadeia Coesa (100% interna)
NUCLEO_92;Bela Vista do Piauí, São João do Piauí;5;703;100.0;703;Cadeia Coesa (100% interna)
NUCLEO_93;Belém do Piauí, Padre Marcos;3;255;100.0;255;Cadeia Coesa (100% interna)
NUCLEO_94;Bertolínia, Manoel Emídio;4;355;50.0;355, 412, 448;Cadeia Mista (Dominante: UTP 355)
NUCLEO_95;Boa Hora, Boqueirão do Piauí;2;439;100.0;439;Cadeia Coesa (100% interna)
NUCLEO_96;Bom Jesus, Currais;6;412;100.0;412;Cadeia Coesa (100% interna)
NUCLEO_97;Brejo do Piauí, Canto do Buriti;8;448;100.0;448;Cadeia Coesa (100% interna)
NUCLEO_98;Campo Maior, Sigefredo Pacheco;6;439;100.0;439;Cadeia Coesa (100% interna)
NUCLEO_99;Caraúbas do Piauí, Caxingó;5;239;100.0;239;Cadeia Coesa (100% interna)
